{"key": {"layout": "volume", "parts": [259, "a"], "string": "259-a"}, "solution": {"abc": [227, 72, 259], "\u03b2": 3, "families": [[[1, 2], [1, 2]], [[1, 2], [1, 2]]], "r": {"square": [1, 1], "exact": [1, 1, 1], "approx": 1.0}}, "lattice": [[16.09347693943108, 0.0], [-8.04673846971554, 13.937359864766353]], "meta": {"layer": [{"cart": {"approx": [[0.7145752309013801, -0.6995586032508209], [0.24854790640048002, 0.9686196045011366]]}, "frac": {"approx": [[0.019305019305019305, -0.05019305019305019], [0.05019305019305019, 0.0694980694980695]]}}, {"cart": {"approx": [[0.96312313730186, -0.26906100125031573], [-0.24854790640048002, 0.9686196045011366]]}, "frac": {"approx": [[0.05019305019305019, -0.019305019305019305], [0.019305019305019305, 0.0694980694980695]]}}], "coeff": [[[18, 13], [-13, 5]], [[18, 5], [-5, 13]]], "volume": [259, 259]}}