{"key": {"layout": "volume", "parts": [49, "b"], "string": "049-b"}, "solution": {"abc": [71, 39, 98], "\u03b2": 3, "families": [[[1, 2], [1, 2]], [[1, 2], [1, 2]]], "r": {"square": [1, 1], "exact": [1, 1, 1], "approx": 1.0}}, "lattice": [[7.0, 0.0], [-3.5, 6.06217782649107]], "meta": {"layer": [{"cart": {"approx": [[0.9285714285714286, -0.37115374447904514], [-0.14285714285714285, 0.989743318610787]]}, "frac": {"approx": [[0.10204081632653061, -0.061224489795918366], [0.061224489795918366, 0.16326530612244897]]}}, {"cart": {"approx": [[0.9285714285714286, 0.37115374447904514], [-0.7857142857142857, 0.6185895741317419]]}, "frac": {"approx": [[0.16326530612244897, 0.061224489795918366], [-0.061224489795918366, 0.10204081632653061]]}}], "coeff": [[[8, 3], [-3, 5]], [[5, -3], [3, 8]]], "volume": [49, 49]}}