{"key": {"layout": "volume", "parts": [109, "a"], "string": "109-a"}, "solution": {"abc": [107, 12, 109], "\u03b2": 3, "families": [[[1, 2], [1, 2]], [[1, 2], [1, 2]]], "r": {"square": [1, 1], "exact": [1, 1, 1], "approx": 1.0}}, "lattice": [[10.44030650891055, 0.0], [-5.220153254455275, 9.041570660012562]], "meta": {"layer": [{"cart": {"approx": [[-0.8141523424379786, 0.5806513267897976], [-0.09578262852211514, -0.9954022744967959]]}, "frac": {"approx": [[-0.045871559633027525, 0.06422018348623854], [-0.06422018348623854, -0.11009174311926606]]}}, {"cart": {"approx": [[-0.9099349709600938, 0.4147509477069983], [0.09578262852211514, -0.9954022744967959]]}, "frac": {"approx": [[-0.06422018348623854, 0.045871559633027525], [-0.045871559633027525, -0.11009174311926606]]}}], "coeff": [[[-12, -7], [7, -5]], [[-12, -5], [5, -7]]], "volume": [109, 109]}}