{"key": {"layout": "volume", "parts": [61, "a"], "string": "061-a"}, "solution": {"abc": [121, 9, 122], "\u03b2": 3, "families": [[[1, 2], [1, 2]], [[1, 2], [1, 2]]], "r": {"square": [1, 1], "exact": [1, 1, 1], "approx": 1.0}}, "lattice": [[7.810249675906654, 0.0], [-3.905124837953327, 6.7638746292343415]], "meta": {"layer": [{"cart": {"approx": [[0.8962581595302718, 0.4435327625727437], [-0.8322397195638238, 0.5544159532159296]]}, "frac": {"approx": [[0.14754098360655737, 0.06557377049180328], [-0.06557377049180328, 0.08196721311475409]]}}, {"cart": {"approx": [[0.8322397195638238, 0.5544159532159296], [-0.8962581595302718, 0.4435327625727437]]}, "frac": {"approx": [[0.14754098360655737, 0.08196721311475409], [-0.08196721311475409, 0.06557377049180328]]}}], "coeff": [[[5, -4], [4, 9]], [[4, -5], [5, 9]]], "volume": [61, 61]}}