{"key": {"layout": "volume", "parts": [217, "b"], "string": "217-b"}, "solution": {"abc": [121, 104, 217], "\u03b2": 3, "families": [[[1, 2], [1, 2]], [[1, 2], [1, 2]]], "r": {"square": [1, 1], "exact": [1, 1, 1], "approx": 1.0}}, "lattice": [[14.730919862656235, 0.0], [-7.365459931328117, 12.757350822173073]], "meta": {"layer": [{"cart": {"approx": [[0.8824975032927699, -0.4703170810017723], [-0.03394221166510653, 0.9994237971287662]]}, "frac": {"approx": [[0.041474654377880185, -0.03686635944700461], [0.03686635944700461, 0.07834101382488479]]}}, {"cart": {"approx": [[0.8824975032927699, 0.4703170810017723], [-0.8485552916276633, 0.5291067161269939]]}, "frac": {"approx": [[0.07834101382488479, 0.03686635944700461], [-0.03686635944700461, 0.041474654377880185]]}}], "coeff": [[[17, 8], [-8, 9]], [[9, -8], [8, 17]]], "volume": [217, 217]}}