{"key": {"layout": "volume", "parts": [151, "a"], "string": "151-a"}, "solution": {"abc": [143, 28, 151], "\u03b2": 3, "families": [[[1, 2], [1, 2]], [[1, 2], [1, 2]]], "r": {"square": [1, 1], "exact": [1, 1, 1], "approx": 1.0}}, "lattice": [[12.288205727444508, 0.0], [-6.144102863722254, 10.641898326896381]], "meta": {"layer": [{"cart": {"approx": [[0.7730990358326014, -0.6342853307421684], [0.16275769175423188, 0.9866660700433731]]}, "frac": {"approx": [[0.033112582781456956, -0.059602649006622516], [0.059602649006622516, 0.09271523178807947]]}}, {"cart": {"approx": [[0.9358567275868334, -0.35238073930120467], [-0.16275769175423188, 0.9866660700433731]]}, "frac": {"approx": [[0.059602649006622516, -0.033112582781456956], [0.033112582781456956, 0.09271523178807947]]}}], "coeff": [[[14, 9], [-9, 5]], [[14, 5], [-5, 9]]], "volume": [151, 151]}}