{"key": {"layout": "volume", "parts": [73, "b"], "string": "073-b"}, "solution": {"abc": [97, 63, 146], "\u03b2": 3, "families": [[[1, 2], [1, 2]], [[1, 2], [1, 2]]], "r": {"square": [1, 1], "exact": [1, 1, 1], "approx": 1.0}}, "lattice": [[8.54400374531753, 0.0], [-4.272001872658765, 7.399324293474371]], "meta": {"layer": [{"cart": {"approx": [[0.9948497511671098, 0.1013606067599229], [-0.5852057359806528, 0.8108848540793832]]}, "frac": {"approx": [[0.1232876712328767, 0.0136986301369863], [-0.0136986301369863, 0.1095890410958904]]}}, {"cart": {"approx": [[0.5852057359806528, 0.8108848540793832], [-0.9948497511671098, 0.1013606067599229]]}, "frac": {"approx": [[0.1232876712328767, 0.1095890410958904], [-0.1095890410958904, 0.0136986301369863]]}}], "coeff": [[[8, -1], [1, 9]], [[1, -8], [8, 9]]], "volume": [73, 73]}}