{"key": {"layout": "volume", "parts": [247, "a"], "string": "247-a"}, "solution": {"abc": [239, 36, 247], "\u03b2": 3, "families": [[[1, 2], [1, 2]], [[1, 2], [1, 2]]], "r": {"square": [1, 1], "exact": [1, 1, 1], "approx": 1.0}}, "lattice": [[15.716233645501712, 0.0], [-7.858116822750856, 13.6106575888162]], "meta": {"layer": [{"cart": {"approx": [[-0.7953559537197222, 0.6061426456557821], [-0.12725695259515554, -0.9918697838003708]]}, "frac": {"approx": [[-0.02834008097165992, 0.044534412955465584], [-0.044534412955465584, -0.0728744939271255]]}}, {"cart": {"approx": [[-0.9226129063148778, 0.38572713814458864], [0.12725695259515554, -0.9918697838003708]]}, "frac": {"approx": [[-0.044534412955465584, 0.02834008097165992], [-0.02834008097165992, -0.0728744939271255]]}}], "coeff": [[[-18, -11], [11, -7]], [[-18, -7], [7, -11]]], "volume": [247, 247]}}