{"key": {"layout": "volume", "parts": [241, "b"], "string": "241-b"}, "solution": {"abc": [143, 112, 241], "\u03b2": 3, "families": [[[1, 2], [1, 2]], [[1, 2], [1, 2]]], "r": {"square": [1, 1], "exact": [1, 1, 1], "approx": 1.0}}, "lattice": [[15.524174696260024, 0.0], [-7.762087348130012, 13.444329659748753]], "meta": {"layer": [{"cart": {"approx": [[0.9984427709212879, 0.055785600247920133], [-0.5475331324407062, 0.836784003718802]]}, "frac": {"approx": [[0.06639004149377593, 0.004149377593360996], [-0.004149377593360996, 0.06224066390041494]]}}, {"cart": {"approx": [[0.5475331324407062, 0.836784003718802], [-0.9984427709212879, 0.055785600247920133]]}, "frac": {"approx": [[0.06639004149377593, 0.06224066390041494], [-0.06224066390041494, 0.004149377593360996]]}}], "coeff": [[[15, -1], [1, 16]], [[1, -15], [15, 16]]], "volume": [241, 241]}}