{"key": {"layout": "volume", "parts": [127, "b"], "string": "127-b"}, "solution": {"abc": [73, 60, 127], "\u03b2": 3, "families": [[[1, 2], [1, 2]], [[1, 2], [1, 2]]], "r": {"square": [1, 1], "exact": [1, 1, 1], "approx": 1.0}}, "lattice": [[11.269427669584644, 0.0], [-5.634713834792322, 9.759610647971568]], "meta": {"layer": [{"cart": {"approx": [[0.8873565094161138, -0.46108396762070397], [-0.044367825470805686, 0.9990152631781919]]}, "frac": {"approx": [[0.05511811023622047, -0.047244094488188976], [0.047244094488188976, 0.10236220472440945]]}}, {"cart": {"approx": [[0.8873565094161138, 0.46108396762070397], [-0.8429886839453081, 0.537931295557488]]}, "frac": {"approx": [[0.10236220472440945, 0.047244094488188976], [-0.047244094488188976, 0.05511811023622047]]}}], "coeff": [[[13, 6], [-6, 7]], [[7, -6], [6, 13]]], "volume": [127, 127]}}