{"key": {"layout": "volume", "parts": [7, "a"], "string": "007-a"}, "solution": {"abc": [13, 3, 14], "\u03b2": 3, "families": [[[1, 2], [1, 2]], [[1, 2], [1, 2]]], "r": {"square": [1, 1], "exact": [1, 1, 1], "approx": 1.0}}, "lattice": [[2.6457513110645907, 0.0], [-1.3228756555322954, 2.29128784747792]], "meta": {"layer": [{"cart": {"approx": [[-0.7559289460184545, 0.6546536707079771], [-0.18898223650461363, -0.9819805060619657]]}, "frac": {"approx": [[-0.14285714285714285, 0.2857142857142857], [-0.2857142857142857, -0.42857142857142855]]}}, {"cart": {"approx": [[-0.944911182523068, 0.32732683535398854], [0.18898223650461363, -0.9819805060619657]]}, "frac": {"approx": [[-0.2857142857142857, 0.14285714285714285], [-0.14285714285714285, -0.42857142857142855]]}}], "coeff": [[[-3, -2], [2, -1]], [[-3, -1], [1, -2]]], "volume": [7, 7]}}