{"key": {"layout": "volume", "parts": [37, "b"], "string": "037-b"}, "solution": {"abc": [47, 33, 74], "\u03b2": 3, "families": [[[1, 2], [1, 2]], [[1, 2], [1, 2]]], "r": {"square": [1, 1], "exact": [1, 1, 1], "approx": 1.0}}, "lattice": [[6.082762530298219, 0.0], [-3.0413812651491097, 5.267826876426369]], "meta": {"layer": [{"cart": {"approx": [[-0.08219949365267865, 0.996615895540124], [-0.8219949365267865, -0.5694947974514994]]}, "frac": {"approx": [[0.08108108108108109, 0.1891891891891892], [-0.1891891891891892, -0.10810810810810811]]}}, {"cart": {"approx": [[-0.8219949365267865, 0.5694947974514994], [-0.08219949365267865, -0.996615895540124]]}, "frac": {"approx": [[-0.08108108108108109, 0.10810810810810811], [-0.10810810810810811, -0.1891891891891892]]}}], "coeff": [[[-4, -7], [7, 3]], [[-7, -4], [4, -3]]], "volume": [37, 37]}}