{"key": {"layout": "volume", "parts": [103, "b"], "string": "103-b"}, "solution": {"abc": [157, 77, 206], "\u03b2": 3, "families": [[[1, 2], [1, 2]], [[1, 2], [1, 2]]], "r": {"square": [1, 1], "exact": [1, 1, 1], "approx": 1.0}}, "lattice": [[10.14889156509222, 0.0], [-5.07444578254611, 8.789197915623474]], "meta": {"layer": [{"cart": {"approx": [[0.9853292781642932, 0.17066403719657228], [-0.6404640308067906, 0.7679881673845753]]}, "frac": {"approx": [[0.10679611650485436, 0.019417475728155338], [-0.019417475728155338, 0.08737864077669903]]}}, {"cart": {"approx": [[0.6404640308067906, 0.7679881673845753], [-0.9853292781642932, 0.17066403719657228]]}, "frac": {"approx": [[0.10679611650485436, 0.08737864077669903], [-0.08737864077669903, 0.019417475728155338]]}}], "coeff": [[[9, -2], [2, 11]], [[2, -9], [9, 11]]], "volume": [103, 103]}}