{"key": {"layout": "volume", "parts": [181, "a"], "string": "181-a"}, "solution": {"abc": [157, 52, 181], "\u03b2": 3, "families": [[[1, 2], [1, 2]], [[1, 2], [1, 2]]], "r": {"square": [1, 1], "exact": [1, 1, 1], "approx": 1.0}}, "lattice": [[13.45362404707371, 0.0], [-6.726812023536855, 11.651180197731044]], "meta": {"layer": [{"cart": {"approx": [[-0.9662823901213162, 0.2574846452537247], [0.2601529511865082, -0.9655674197014676]]}, "frac": {"approx": [[-0.06077348066298342, 0.022099447513812154], [-0.022099447513812154, -0.08287292817679558]]}}, {"cart": {"approx": [[-0.9662823901213162, -0.2574846452537247], [0.706129438934808, -0.7080827744477429]]}, "frac": {"approx": [[-0.08287292817679558, -0.022099447513812154], [0.022099447513812154, -0.06077348066298342]]}}], "coeff": [[[-15, -4], [4, -11]], [[-11, 4], [-4, -15]]], "volume": [181, 181]}}