{"key": {"layout": "volume", "parts": [31, "a"], "string": "031-a"}, "solution": {"abc": [59, 11, 62], "\u03b2": 3, "families": [[[1, 2], [1, 2]], [[1, 2], [1, 2]]], "r": {"square": [1, 1], "exact": [1, 1, 1], "approx": 1.0}}, "lattice": [[5.5677643628300215, 0.0], [-2.7838821814150108, 4.8218253804964775]], "meta": {"layer": [{"cart": {"approx": [[-0.3592106040535498, 0.9332565252573828], [-0.6286185570937122, -0.7777137710478189]]}, "frac": {"approx": [[0.03225806451612903, 0.1935483870967742], [-0.1935483870967742, -0.16129032258064516]]}}, {"cart": {"approx": [[-0.6286185570937122, 0.7777137710478189], [-0.3592106040535498, -0.9332565252573828]]}, "frac": {"approx": [[-0.03225806451612903, 0.16129032258064516], [-0.16129032258064516, -0.1935483870967742]]}}], "coeff": [[[-5, -6], [6, 1]], [[-6, -5], [5, -1]]], "volume": [31, 31]}}