{"key": {"layout": "volume", "parts": [163, "b"], "string": "163-b"}, "solution": {"abc": [131, 56, 163], "\u03b2": 3, "families": [[[1, 2], [1, 2]], [[1, 2], [1, 2]]], "r": {"square": [1, 1], "exact": [1, 1, 1], "approx": 1.0}}, "lattice": [[12.767145334803704, 0.0], [-6.383572667401852, 11.05667219374799]], "meta": {"layer": [{"cart": {"approx": [[-0.6657713824897638, 0.746155792216122], [-0.31330417999518295, -0.9496528264568826]]}, "frac": {"approx": [[-0.018404907975460124, 0.06748466257668712], [-0.06748466257668712, -0.08588957055214724]]}}, {"cart": {"approx": [[-0.9790755624849466, 0.20349703424076057], [0.31330417999518295, -0.9496528264568826]]}, "frac": {"approx": [[-0.06748466257668712, 0.018404907975460124], [-0.018404907975460124, -0.08588957055214724]]}}], "coeff": [[[-14, -11], [11, -3]], [[-14, -3], [3, -11]]], "volume": [163, 163]}}