{"key": {"layout": "volume", "parts": [223, "b"], "string": "223-b"}, "solution": {"abc": [169, 84, 223], "\u03b2": 3, "families": [[[1, 2], [1, 2]], [[1, 2], [1, 2]]], "r": {"square": [1, 1], "exact": [1, 1, 1], "approx": 1.0}}, "lattice": [[14.933184523068078, 0.0], [-7.466592261534039, 12.932517156377562]], "meta": {"layer": [{"cart": {"approx": [[-0.9375093422553951, 0.3479601028621766], [0.16741238254560625, -0.9858869581095003]]}, "frac": {"approx": [[-0.04932735426008968, 0.026905829596412557], [-0.026905829596412557, -0.07623318385650224]]}}, {"cart": {"approx": [[-0.9375093422553951, -0.3479601028621766], [0.7700969597097889, -0.6379268552473237]]}, "frac": {"approx": [[-0.07623318385650224, -0.026905829596412557], [0.026905829596412557, -0.04932735426008968]]}}], "coeff": [[[-17, -6], [6, -11]], [[-11, 6], [-6, -17]]], "volume": [223, 223]}}