{"key": {"layout": "volume", "parts": [67, "b"], "string": "067-b"}, "solution": {"abc": [109, 45, 134], "\u03b2": 3, "families": [[[1, 2], [1, 2]], [[1, 2], [1, 2]]], "r": {"square": [1, 1], "exact": [1, 1, 1], "approx": 1.0}}, "lattice": [[8.18535277187245, 0.0], [-4.092676385936225, 7.088723439378913]], "meta": {"layer": [{"cart": {"approx": [[0.9773555548504418, 0.21160368475757949], [-0.6719319439596787, 0.7406128966515282]]}, "frac": {"approx": [[0.13432835820895522, 0.029850746268656716], [-0.029850746268656716, 0.1044776119402985]]}}, {"cart": {"approx": [[0.6719319439596787, 0.7406128966515282], [-0.9773555548504418, 0.21160368475757949]]}, "frac": {"approx": [[0.13432835820895522, 0.1044776119402985], [-0.1044776119402985, 0.029850746268656716]]}}], "coeff": [[[7, -2], [2, 9]], [[2, -7], [7, 9]]], "volume": [67, 67]}}