{"key": {"layout": "volume", "parts": [19, "a"], "string": "019-a"}, "solution": {"abc": [37, 5, 38], "\u03b2": 3, "families": [[[1, 2], [1, 2]], [[1, 2], [1, 2]]], "r": {"square": [1, 1], "exact": [1, 1, 1], "approx": 1.0}}, "lattice": [[4.358898943540673, 0.0], [-2.1794494717703365, 3.774917217635375]], "meta": {"layer": [{"cart": {"approx": [[0.9176629354822471, 0.39735970711951313], [-0.8029550685469662, 0.5960395606792697]]}, "frac": {"approx": [[0.2631578947368421, 0.10526315789473684], [-0.10526315789473684, 0.15789473684210525]]}}, {"cart": {"approx": [[0.8029550685469662, 0.5960395606792697], [-0.9176629354822471, 0.39735970711951313]]}, "frac": {"approx": [[0.2631578947368421, 0.15789473684210525], [-0.15789473684210525, 0.10526315789473684]]}}], "coeff": [[[3, -2], [2, 5]], [[2, -3], [3, 5]]], "volume": [19, 19]}}