{"key": {"layout": "volume", "parts": [91, "a"], "string": "091-a"}, "solution": {"abc": [179, 19, 182], "\u03b2": 3, "families": [[[1, 2], [1, 2]], [[1, 2], [1, 2]]], "r": {"square": [1, 1], "exact": [1, 1, 1], "approx": 1.0}}, "lattice": [[9.539392014169456, 0.0], [-4.769696007084728, 8.261355820929152]], "meta": {"layer": [{"cart": {"approx": [[-0.4193139346887673, 0.9078412990032037], [-0.5765566601970551, -0.8170571691028833]]}, "frac": {"approx": [[0.01098901098901099, 0.10989010989010989], [-0.10989010989010989, -0.0989010989010989]]}}, {"cart": {"approx": [[-0.5765566601970551, 0.8170571691028833], [-0.4193139346887673, -0.9078412990032037]]}, "frac": {"approx": [[-0.01098901098901099, 0.0989010989010989], [-0.0989010989010989, -0.10989010989010989]]}}], "coeff": [[[-9, -10], [10, 1]], [[-10, -9], [9, -1]]], "volume": [91, 91]}}