{"key": {"layout": "volume", "parts": [37, "a"], "string": "037-a"}, "solution": {"abc": [73, 7, 74], "\u03b2": 3, "families": [[[1, 2], [1, 2]], [[1, 2], [1, 2]]], "r": {"square": [1, 1], "exact": [1, 1, 1], "approx": 1.0}}, "lattice": [[6.082762530298219, 0.0], [-3.0413812651491097, 5.267826876426369]], "meta": {"layer": [{"cart": {"approx": [[-0.8219949365267865, 0.5694947974514994], [-0.08219949365267865, -0.996615895540124]]}, "frac": {"approx": [[-0.08108108108108109, 0.10810810810810811], [-0.10810810810810811, -0.1891891891891892]]}}, {"cart": {"approx": [[-0.9041944301794651, 0.42712109808862453], [0.08219949365267865, -0.996615895540124]]}, "frac": {"approx": [[-0.10810810810810811, 0.08108108108108109], [-0.08108108108108109, -0.1891891891891892]]}}], "coeff": [[[-7, -4], [4, -3]], [[-7, -3], [3, -4]]], "volume": [37, 37]}}