{"key": {"layout": "volume", "parts": [13, "b"], "string": "013-b"}, "solution": {"abc": [11, 4, 13], "\u03b2": 3, "families": [[[1, 2], [1, 2]], [[1, 2], [1, 2]]], "r": {"square": [1, 1], "exact": [1, 1, 1], "approx": 1.0}}, "lattice": [[3.605551275463989, 0.0], [-1.8027756377319946, 3.122498999199199]], "meta": {"layer": [{"cart": {"approx": [[0.970725343394151, 0.2401922307076307], [-0.6933752452815364, 0.7205766921228921]]}, "frac": {"approx": [[0.3076923076923077, 0.07692307692307693], [-0.07692307692307693, 0.23076923076923078]]}}, {"cart": {"approx": [[0.6933752452815364, 0.7205766921228921], [-0.970725343394151, 0.2401922307076307]]}, "frac": {"approx": [[0.3076923076923077, 0.23076923076923078], [-0.23076923076923078, 0.07692307692307693]]}}], "coeff": [[[3, -1], [1, 4]], [[1, -3], [3, 4]]], "volume": [13, 13]}}