{"key": {"layout": "volume", "parts": [79, "b"], "string": "079-b"}, "solution": {"abc": [131, 51, 158], "\u03b2": 3, "families": [[[1, 2], [1, 2]], [[1, 2], [1, 2]]], "r": {"square": [1, 1], "exact": [1, 1, 1], "approx": 1.0}}, "lattice": [[8.888194417315589, 0.0], [-4.444097208657794, 7.697402159170326]], "meta": {"layer": [{"cart": {"approx": [[0.7313071356019155, 0.6820482925847124], [-0.9563247157871203, 0.2923064111077339]]}, "frac": {"approx": [[0.12658227848101267, 0.08860759493670886], [-0.08860759493670886, 0.0379746835443038]]}}, {"cart": {"approx": [[0.2250175801852048, 0.9743547036924464], [-0.9563247157871203, -0.2923064111077339]]}, "frac": {"approx": [[0.08860759493670886, 0.12658227848101267], [-0.12658227848101267, -0.0379746835443038]]}}], "coeff": [[[3, -7], [7, 10]], [[-3, -10], [10, 7]]], "volume": [79, 79]}}