{"key": {"layout": "volume", "parts": [133, "a"], "string": "133-a"}, "solution": {"abc": [241, 65, 266], "\u03b2": 3, "families": [[[1, 2], [1, 2]], [[1, 2], [1, 2]]], "r": {"square": [1, 1], "exact": [1, 1, 1], "approx": 1.0}}, "lattice": [[11.532562594670797, 0.0], [-5.766281297335398, 9.987492177719089]], "meta": {"layer": [{"cart": {"approx": [[0.953820966476532, 0.3003757045930553], [-0.737043474095502, 0.6758453353343745]]}, "frac": {"approx": [[0.09774436090225563, 0.03007518796992481], [-0.03007518796992481, 0.06766917293233082]]}}, {"cart": {"approx": [[0.737043474095502, 0.6758453353343745], [-0.953820966476532, 0.3003757045930553]]}, "frac": {"approx": [[0.09774436090225563, 0.06766917293233082], [-0.06766917293233082, 0.03007518796992481]]}}], "coeff": [[[9, -4], [4, 13]], [[4, -9], [9, 13]]], "volume": [133, 133]}}