{"key": {"layout": "volume", "parts": [79, "a"], "string": "079-a"}, "solution": {"abc": [71, 20, 79], "\u03b2": 3, "families": [[[1, 2], [1, 2]], [[1, 2], [1, 2]]], "r": {"square": [1, 1], "exact": [1, 1, 1], "approx": 1.0}}, "lattice": [[8.888194417315589, 0.0], [-4.444097208657794, 7.697402159170326]], "meta": {"layer": [{"cart": {"approx": [[0.9563247157871203, 0.2923064111077339], [-0.7313071356019155, 0.6820482925847124]]}, "frac": {"approx": [[0.12658227848101267, 0.0379746835443038], [-0.0379746835443038, 0.08860759493670886]]}}, {"cart": {"approx": [[0.7313071356019155, 0.6820482925847124], [-0.9563247157871203, 0.2923064111077339]]}, "frac": {"approx": [[0.12658227848101267, 0.08860759493670886], [-0.08860759493670886, 0.0379746835443038]]}}], "coeff": [[[7, -3], [3, 10]], [[3, -7], [7, 10]]], "volume": [79, 79]}}