{"key": {"layout": "volume", "parts": [91, "b"], "string": "091-b"}, "solution": {"abc": [107, 85, 182], "\u03b2": 3, "families": [[[1, 2], [1, 2]], [[1, 2], [1, 2]]], "r": {"square": [1, 1], "exact": [1, 1, 1], "approx": 1.0}}, "lattice": [[9.539392014169456, 0.0], [-4.769696007084728, 8.261355820929152]], "meta": {"layer": [{"cart": {"approx": [[-0.052414241836095915, 0.998625428903524], [-0.8386278693775346, -0.5447047794019222]]}, "frac": {"approx": [[0.054945054945054944, 0.12087912087912088], [-0.12087912087912088, -0.06593406593406594]]}}, {"cart": {"approx": [[-0.8386278693775346, 0.5447047794019222], [-0.052414241836095915, -0.998625428903524]]}, "frac": {"approx": [[-0.054945054945054944, 0.06593406593406594], [-0.06593406593406594, -0.12087912087912088]]}}], "coeff": [[[-6, -11], [11, 5]], [[-11, -6], [6, -5]]], "volume": [91, 91]}}