{"key": {"layout": "volume", "parts": [133, "b"], "string": "133-b"}, "solution": {"abc": [83, 60, 133], "\u03b2": 3, "families": [[[1, 2], [1, 2]], [[1, 2], [1, 2]]], "r": {"square": [1, 1], "exact": [1, 1, 1], "approx": 1.0}}, "lattice": [[11.532562594670797, 0.0], [-5.766281297335398, 9.987492177719089]], "meta": {"layer": [{"cart": {"approx": [[0.997176464952738, 0.07509392614826382], [-0.563621480190678, 0.8260331876309022]]}, "frac": {"approx": [[0.09022556390977443, 0.007518796992481203], [-0.007518796992481203, 0.08270676691729323]]}}, {"cart": {"approx": [[0.563621480190678, 0.8260331876309022], [-0.997176464952738, 0.07509392614826382]]}, "frac": {"approx": [[0.09022556390977443, 0.08270676691729323], [-0.08270676691729323, 0.007518796992481203]]}}], "coeff": [[[11, -1], [1, 12]], [[1, -11], [11, 12]]], "volume": [133, 133]}}