{"key": {"layout": "volume", "parts": [97, "b"], "string": "097-b"}, "solution": {"abc": [167, 57, 194], "\u03b2": 3, "families": [[[1, 2], [1, 2]], [[1, 2], [1, 2]]], "r": {"square": [1, 1], "exact": [1, 1, 1], "approx": 1.0}}, "lattice": [[9.848857801796104, 0.0], [-4.924428900898052, 8.52936105461599]], "meta": {"layer": [{"cart": {"approx": [[0.7107423155935333, 0.703452458112659], [-0.9645788568769381, 0.26379467179224714]]}, "frac": {"approx": [[0.1134020618556701, 0.08247422680412371], [-0.08247422680412371, 0.030927835051546393]]}}, {"cart": {"approx": [[0.25383654128340477, 0.9672471299049061], [-0.9645788568769381, -0.26379467179224714]]}, "frac": {"approx": [[0.08247422680412371, 0.1134020618556701], [-0.1134020618556701, -0.030927835051546393]]}}], "coeff": [[[3, -8], [8, 11]], [[-3, -11], [11, 8]]], "volume": [97, 97]}}