{"key": {"layout": "volume", "parts": [43, "a"], "string": "043-a"}, "solution": {"abc": [83, 13, 86], "\u03b2": 3, "families": [[[1, 2], [1, 2]], [[1, 2], [1, 2]]], "r": {"square": [1, 1], "exact": [1, 1, 1], "approx": 1.0}}, "lattice": [[6.557438524302, 0.0], [-3.278719262151, 5.678908345800274]], "meta": {"layer": [{"cart": {"approx": [[0.6099942813304187, 0.7924058156930615], [-0.9912407071619304, 0.13206763594884358]]}, "frac": {"approx": [[0.16279069767441862, 0.13953488372093023], [-0.13953488372093023, 0.023255813953488372]]}}, {"cart": {"approx": [[0.3812464258315117, 0.924473451641905], [-0.9912407071619304, -0.13206763594884358]]}, "frac": {"approx": [[0.13953488372093023, 0.16279069767441862], [-0.16279069767441862, -0.023255813953488372]]}}], "coeff": [[[1, -6], [6, 7]], [[-1, -7], [7, 6]]], "volume": [43, 43]}}