{"key": {"layout": "volume", "parts": [139, "b"], "string": "139-b"}, "solution": {"abc": [229, 91, 278], "\u03b2": 3, "families": [[[1, 2], [1, 2]], [[1, 2], [1, 2]]], "r": {"square": [1, 1], "exact": [1, 1, 1], "approx": 1.0}}, "lattice": [[11.789826122551595, 0.0], [-5.894913061275798, 10.21028892833107]], "meta": {"layer": [{"cart": {"approx": [[0.9754172691319666, 0.2203659480934763], [-0.6785511437439767, 0.7345531603115877]]}, "frac": {"approx": [[0.09352517985611511, 0.02158273381294964], [-0.02158273381294964, 0.07194244604316546]]}}, {"cart": {"approx": [[0.6785511437439767, 0.7345531603115877], [-0.9754172691319666, 0.2203659480934763]]}, "frac": {"approx": [[0.09352517985611511, 0.07194244604316546], [-0.07194244604316546, 0.02158273381294964]]}}], "coeff": [[[10, -3], [3, 13]], [[3, -10], [10, 13]]], "volume": [139, 139]}}