{"key": {"layout": "volume", "parts": [283, "b"], "string": "283-b"}, "solution": {"abc": [229, 96, 283], "\u03b2": 3, "families": [[[1, 2], [1, 2]], [[1, 2], [1, 2]]], "r": {"square": [1, 1], "exact": [1, 1, 1], "approx": 1.0}}, "lattice": [[16.822603841260722, 0.0], [-8.411301920630361, 14.568802284333465]], "meta": {"layer": [{"cart": {"approx": [[0.7430478728472051, 0.6692382674782157], [-0.9511012772444225, 0.3088792003745611]]}, "frac": {"approx": [[0.06713780918727916, 0.045936395759717315], [-0.045936395759717315, 0.02120141342756184]]}}, {"cart": {"approx": [[0.20805340439721742, 0.9781174678527769], [-0.9511012772444225, -0.3088792003745611]]}, "frac": {"approx": [[0.045936395759717315, 0.06713780918727916], [-0.06713780918727916, -0.02120141342756184]]}}], "coeff": [[[6, -13], [13, 19]], [[-6, -19], [19, 13]]], "volume": [283, 283]}}