{"key": {"layout": "volume", "parts": [109, "b"], "string": "109-b"}, "solution": {"abc": [143, 95, 218], "\u03b2": 3, "families": [[[1, 2], [1, 2]], [[1, 2], [1, 2]]], "r": {"square": [1, 1], "exact": [1, 1, 1], "approx": 1.0}}, "lattice": [[10.44030650891055, 0.0], [-5.220153254455275, 9.041570660012562]], "meta": {"layer": [{"cart": {"approx": [[-0.09578262852211514, 0.9954022744967959], [-0.8141523424379786, -0.5806513267897976]]}, "frac": {"approx": [[0.045871559633027525, 0.11009174311926606], [-0.11009174311926606, -0.06422018348623854]]}}, {"cart": {"approx": [[-0.8141523424379786, 0.5806513267897976], [-0.09578262852211514, -0.9954022744967959]]}, "frac": {"approx": [[-0.045871559633027525, 0.06422018348623854], [-0.06422018348623854, -0.11009174311926606]]}}], "coeff": [[[-7, -12], [12, 5]], [[-12, -7], [7, -5]]], "volume": [109, 109]}}